,Adj Close,Adj Close,Adj Close,Close,Close,Close,High,High,High,Low,Low,Low,Open,Open,Open,Volume,Volume,Volume
,AAPL,GE,MSFT,AAPL,GE,MSFT,AAPL,GE,MSFT,AAPL,GE,MSFT,AAPL,GE,MSFT,AAPL,GE,MSFT
Date,,,,,,,,,,,,,,,,,,
2023-01-03,124.53865814208984,66.18075561523438,237.95632934570312,125.06999969482422,66.33879852294922,239.5800018310547,130.89999389648438,66.42466735839844,245.75,124.16999816894531,65.21467590332031,237.39999389648438,130.27999877929688,65.61280059814453,243.0800018310547,112117500,8204933,25740000
2023-01-04,125.82318878173828,70.03275299072266,227.54734802246094,126.36000061035156,70.19999694824219,229.10000610351562,128.66000366210938,70.19999694824219,232.8699951171875,125.08000183105469,66.75,225.9600067138672,126.88999938964844,68.41000366210938,232.27999877929688,89113600,16784600,50623400
2023-01-05,124.48887634277344,71.12017059326172,220.80335998535156,125.0199966430664,71.29000091552734,222.30999755859375,127.7699966430664,71.55000305175781,227.5500030517578,124.76000213623047,69.0,221.75999450683594,127.12999725341797,69.9000015258789,227.1999969482422,80962700,12770200,39585600
2023-01-06,129.0693359375,71.76861572265625,223.40560913085938,129.6199951171875,71.94000244140625,224.92999267578125,130.2899932861328,72.33000183105469,225.75999450683594,124.88999938964844,70.75,219.35000610351562,126.01000213623047,72.01000213623047,223.0,87754700,10389500,43613600
2023-01-09,129.59707641601562,72.49687957763672,225.58074951171875,130.14999389648438,72.66999816894531,227.1199951171875,133.41000366210938,73.91000366210938,231.24000549316406,129.88999938964844,71.95999908447266,226.41000366210938,130.47000122070312,72.0,226.4499969482422,70790800,7572900,27369800
2023-01-10,130.17462158203125,75.09068298339844,227.29904174804688,130.72999572753906,75.2699966430664,228.85000610351562,131.25999450683594,75.37000274658203,231.30999755859375,128.1199951171875,72.19999694824219,227.3300018310547,130.25999450683594,72.19999694824219,227.75999450683594,63896200,9255500,27033900
2023-01-11,132.9228973388672,77.50492095947266,234.17214965820312,133.49000549316406,77.69000244140625,235.77000427246094,133.50999450683594,77.69999694824219,235.9499969482422,130.4600067138672,75.51000213623047,231.11000061035156,131.25,75.81999969482422,231.2899932861328,69458900,10159300,28669300
2023-01-12,132.84323120117188,78.67212677001953,236.89356994628906,133.41000366210938,78.86000061035156,238.50999450683594,134.25999450683594,79.20999908447266,239.89999389648438,131.44000244140625,77.29000091552734,233.55999755859375,133.8800048828125,77.87999725341797,235.25999450683594,71379600,11498700,27269500
2023-01-13,134.1875,80.0089340209961,237.6086883544922,134.75999450683594,80.19999694824219,239.22999572753906,134.9199981689453,80.5999984741211,239.3699951171875,131.66000366210938,78.5,234.9199981689453,132.02999877929688,78.77999877929688,237.0,57809700,11048200,21333300
2023-01-17,135.36248779296875,80.29824829101562,238.7211151123047,135.94000244140625,80.48999786376953,240.35000610351562,137.2899932861328,80.66000366210938,240.91000366210938,134.1300048828125,79.76000213623047,237.08999633789062,134.8300018310547,79.91999816894531,237.97000122070312,63646600,8492200,29831300
2023-01-18,134.63558959960938,79.0811538696289,234.2118682861328,135.2100067138672,79.2699966430664,235.80999755859375,138.61000061035156,81.18000030517578,242.3800048828125,135.02999877929688,79.13999938964844,235.52000427246094,136.82000732421875,80.94000244140625,241.57000732421875,69672800,7834300,30028700
2023-01-19,134.69534301757812,76.67689514160156,230.35816955566406,135.27000427246094,76.86000061035156,231.92999267578125,136.25,78.75,235.52000427246094,133.77000427246094,76.66999816894531,230.67999267578125,134.0800018310547,77.94000244140625,233.77999877929688,58280400,10411700,28623000
2023-01-20,137.28428649902344,77.49494171142578,238.5919952392578,137.8699951171875,77.68000030517578,240.22000122070312,138.02000427246094,77.75,240.74000549316406,134.22000122070312,75.66999816894531,234.50999450683594,135.27999877929688,77.58999633789062,234.86000061035156,80223600,8261300,35389800
2023-01-23,140.51051330566406,79.57996368408203,240.9359893798828,141.11000061035156,79.7699966430664,242.5800018310547,143.32000732421875,80.0199966430664,245.1699981689453,137.89999389648438,77.54000091552734,239.64999389648438,138.1199951171875,77.61000061035156,241.10000610351562,81760300,10957500,31934000
2023-01-24,141.9244842529297,80.50774383544922,240.399658203125,142.52999877929688,80.69999694824219,242.0399932861328,143.16000366210938,80.8499984741211,243.9499969482422,140.3000030517578,77.47000122070312,240.44000244140625,140.30999755859375,78.0,242.5,66435100,13381800,40234400
2023-01-25,141.25732421875,80.59754180908203,238.97935485839844,141.86000061035156,80.79000091552734,240.61000061035156,142.42999267578125,81.3499984741211,243.3000030517578,138.80999755859375,79.43000030517578,230.89999389648438,140.88999938964844,79.77999877929688,234.47999572753906,65799300,8501500,66526600
2023-01-26,143.34841918945312,80.94670104980469,246.31927490234375,143.9600067138672,81.13999938964844,248.0,144.25,81.58000183105469,248.30999755859375,141.89999389648438,80.12000274658203,242.0,143.1699981689453,81.4800033569336,243.64999389648438,54105100,6511200,33454500
2023-01-27,145.31002807617188,83.03173065185547,246.47817993164062,145.92999267578125,83.2300033569336,248.16000366210938,147.22999572753906,83.98999786376953,249.8300018310547,143.0800018310547,80.9000015258789,246.8300018310547,143.16000366210938,81.0,248.99000549316406,70555800,7789500,26498900
2023-01-30,142.3925018310547,80.63744354248047,241.06512451171875,143.0,80.83000183105469,242.7100067138672,145.5500030517578,82.75,245.60000610351562,142.85000610351562,80.66999816894531,242.1999969482422,144.9600067138672,82.41000366210938,244.50999450683594,64015300,5726900,25867400
2023-01-31,143.677001953125,80.28827667236328,246.13055419921875,144.2899932861328,80.4800033569336,247.80999755859375,144.33999633789062,80.91000366210938,247.9499969482422,142.27999877929688,79.47000122070312,242.9499969482422,142.6999969482422,80.44999694824219,243.4499969482422,65874500,6883500,26541100
2023-02-01,144.81214904785156,82.12389373779297,251.03707885742188,145.42999267578125,82.31999969482422,252.75,146.61000061035156,82.47000122070312,255.17999267578125,141.32000732421875,80.01000213623047,245.47000122070312,143.97000122070312,80.2699966430664,248.0,77663600,7272300,31259900
2023-02-02,150.17926025390625,83.74002838134766,262.8067626953125,150.82000732421875,83.94000244140625,264.6000061035156,151.17999267578125,84.02999877929688,264.69000244140625,148.1699981689453,81.9000015258789,257.25,148.89999389648438,82.19000244140625,258.82000732421875,118339000,8293000,39940400
2023-02-03,153.8436279296875,81.76473999023438,256.59912109375,154.5,81.95999908447266,258.3500061035156,157.3800048828125,83.69000244140625,264.20001220703125,147.8300018310547,81.81999969482422,257.1000061035156,148.02999877929688,83.51000213623047,259.5400085449219,154357300,5778200,29077300
2023-02-06,151.0854034423828,82.15381622314453,255.02981567382812,151.72999572753906,82.3499984741211,256.7699890136719,153.10000610351562,82.44000244140625,258.29998779296875,150.77999877929688,81.23999786376953,254.77999877929688,152.57000732421875,81.47000122070312,257.44000244140625,69858300,4329700,22518000
2023-02-07,153.9929962158203,81.91439056396484,265.7467041015625,154.64999389648438,82.11000061035156,267.55999755859375,155.22999572753906,82.37000274658203,268.7699890136719,150.63999938964844,80.54000091552734,260.0799865722656,150.63999938964844,81.9800033569336,260.5299987792969,83322600,4702300,50841400
2023-02-08,151.27459716796875,81.76473999023438,264.9223327636719,151.9199981689453,81.95999908447266,266.7300109863281,154.5800018310547,82.5999984741211,276.760009765625,151.1699981689453,81.30000305175781,266.2099914550781,153.8800048828125,81.69000244140625,273.20001220703125,64120100,3407400,54686000
2023-02-09,150.2290496826172,80.59754180908203,261.8333740234375,150.8699951171875,80.79000091552734,263.6199951171875,154.3300018310547,82.62999725341797,273.9800109863281,150.4199981689453,80.44000244140625,262.79998779296875,153.77999877929688,82.33999633789062,273.79998779296875,56007100,3861400,42375100
2023-02-10,150.59803771972656,81.09634399414062,261.31695556640625,151.00999450683594,81.29000091552734,263.1000061035156,151.33999633789062,81.3499984741211,264.0899963378906,149.22000122070312,80.4000015258789,260.6600036621094,149.4600067138672,80.80999755859375,261.5299987792969,57450700,3490100,25818500
2023-02-13,153.43031311035156,82.4830322265625,269.4812316894531,153.85000610351562,82.68000030517578,271.32000732421875,154.25999450683594,82.91999816894531,274.6000061035156,150.9199981689453,81.08000183105469,267.1499938964844,150.9499969482422,81.19999694824219,267.6400146484375,62199000,4081600,44630900
2023-02-14,152.78207397460938,83.34098815917969,270.3254699707031,153.1999969482422,83.54000091552734,272.1700134277344,153.77000427246094,83.80999755859375,274.9700012207031,150.86000061035156,81.95999908447266,269.2799987792969,152.1199951171875,82.12999725341797,272.6700134277344,61707600,5368500,37047900
2023-02-15,154.90626525878906,84.56804656982422,268.164794921875,155.3300018310547,84.7699966430664,269.32000732421875,155.5,84.79000091552734,270.7300109863281,152.8800048828125,82.44000244140625,266.17999267578125,153.11000061035156,82.61000061035156,268.32000732421875,65573800,5830500,28922400
2023-02-16,153.2906951904297,83.84976959228516,261.0255126953125,153.7100067138672,84.05000305175781,262.1499938964844,156.3300018310547,84.54000091552734,266.739990234375,153.35000610351562,82.9800033569336,261.8999938964844,153.50999450683594,83.61000061035156,264.0199890136719,68167900,4505900,29603600
2023-02-17,152.13385009765625,82.84217834472656,256.95306396484375,152.5500030517578,83.04000091552734,258.05999755859375,153.0,83.81999969482422,260.0899963378906,150.85000610351562,82.2300033569336,256.0,152.35000610351562,83.58999633789062,259.3900146484375,59144100,4424200,30000100
2023-02-21,148.074951171875,82.06402587890625,251.586181640625,148.47999572753906,82.26000213623047,252.6699981689453,151.3000030517578,83.37999725341797,255.49000549316406,148.41000366210938,81.80999755859375,251.58999633789062,150.1999969482422,82.13999938964844,254.47999572753906,58867200,4071800,28397400
2023-02-22,148.5037841796875,82.9918212890625,250.43116760253906,148.91000366210938,83.19000244140625,251.50999450683594,149.9499969482422,84.33000183105469,254.33999633789062,147.16000366210938,82.0999984741211,250.33999633789062,148.8699951171875,82.16000366210938,254.08999633789062,51011300,8642500,22491100
2023-02-23,148.992431640625,82.74241638183594,253.67718505859375,149.39999389648438,82.94000244140625,254.77000427246094,150.33999633789062,84.41000366210938,256.8399963378906,147.24000549316406,81.9000015258789,250.47999572753906,150.08999633789062,83.48999786376953,255.55999755859375,48394200,8077200,29219100
2023-02-24,146.30978393554688,83.35096740722656,248.15098571777344,146.7100067138672,83.55000305175781,249.22000122070312,147.19000244140625,83.77999877929688,251.0,145.72000122070312,81.6500015258789,248.10000610351562,147.11000061035156,81.76000213623047,249.9600067138672,55469600,6946800,24990900
2023-02-27,147.5164794921875,83.64026641845703,249.0869598388672,147.9199981689453,83.83999633789062,250.16000366210938,149.1699981689453,84.86000061035156,252.82000732421875,147.4499969482422,83.48999786376953,249.38999938964844,147.7100067138672,84.0,252.4600067138672,44998500,6390500,21190000
2023-02-28,147.00787353515625,84.50819396972656,248.35012817382812,147.41000366210938,84.70999908447266,249.4199981689453,149.0800018310547,85.6500015258789,251.49000549316406,146.8300018310547,83.45999908447266,248.72999572753906,147.0500030517578,83.62000274658203,249.07000732421875,50547000,9131000,22491000
2023-03-01,144.91358947753906,83.93954467773438,245.21365356445312,145.30999755859375,84.13999938964844,246.27000427246094,147.22999572753906,85.36000061035156,250.92999267578125,145.00999450683594,83.75,245.7899932861328,146.8300018310547,84.66000366210938,250.75999450683594,55479000,5996000,27565300
2023-03-02,145.511962890625,85.51579284667969,250.0328826904297,145.91000366210938,85.72000122070312,251.11000061035156,146.7100067138672,85.7300033569336,251.39999389648438,143.89999389648438,83.37999725341797,245.61000061035156,144.3800048828125,83.5999984741211,246.5500030517578,52238100,6820700,24808200
2023-03-03,150.6179962158203,86.1742172241211,254.19493103027344,151.02999877929688,86.37999725341797,255.2899932861328,151.11000061035156,87.04000091552734,255.6199951171875,147.3300018310547,85.1500015258789,251.38999938964844,148.0399932861328,85.9000015258789,252.19000244140625,70732300,7676600,30760100
2023-03-06,153.4103546142578,86.93310546875,255.76817321777344,153.8300018310547,87.05999755859375,256.8699951171875,156.3000030517578,87.81999969482422,260.1199951171875,153.4600067138672,86.47000122070312,255.97999572753906,153.7899932861328,86.63999938964844,256.42999267578125,87558000,6451800,24109800
2023-03-07,151.1864471435547,86.26408386230469,253.05982971191406,151.60000610351562,86.38999938964844,254.14999389648438,154.02999877929688,87.58000183105469,257.69000244140625,151.1300048828125,86.0999984741211,253.38999938964844,153.6999969482422,86.95999908447266,256.29998779296875,56182000,6898200,21473200
2023-03-08,152.45297241210938,86.85323333740234,252.6117706298828,152.8699951171875,86.9800033569336,253.6999969482422,153.47000122070312,87.41000366210938,254.5399932861328,151.8300018310547,86.06999969482422,250.80999755859375,152.80999755859375,86.7699966430664,254.0399932861328,47204800,6063900,17340200
2023-03-09,150.17918395996094,91.42654418945312,251.23770141601562,150.58999633789062,91.55999755859375,252.32000732421875,154.5399932861328,94.94000244140625,259.55999755859375,150.22999572753906,89.7699966430664,251.5800018310547,153.55999755859375,89.95999908447266,255.82000732421875,53833600,28592300,26653400
2023-03-10,148.0948944091797,90.86737060546875,247.523681640625,148.5,91.0,248.58999633789062,150.94000244140625,94.19999694824219,252.7899932861328,147.61000061035156,90.79000091552734,247.60000610351562,150.2100067138672,91.9000015258789,251.0800018310547,68572400,18477800,28333900
2023-03-13,150.0595245361328,88.84032440185547,252.83082580566406,150.47000122070312,88.97000122070312,253.9199981689453,153.13999938964844,90.7300033569336,257.9100036621094,147.6999969482422,87.66000366210938,245.72999572753906,147.80999755859375,89.69999694824219,247.39999389648438,84457100,11334000,33339700
2023-03-14,152.17373657226562,91.03711700439453,259.67138671875,152.58999633789062,91.16999816894531,260.7900085449219,153.39999389648438,93.08000183105469,261.07000732421875,150.10000610351562,90.19999694824219,255.86000061035156,151.27999877929688,91.16999816894531,256.75,73695900,11347500,33620300
2023-03-15,152.57266235351562,89.62918090820312,264.3014221191406,152.99000549316406,89.76000213623047,265.44000244140625,153.25,89.76000213623047,266.4800109863281,149.9199981689453,86.44999694824219,259.2099914550781,151.19000244140625,88.98999786376953,259.9800109863281,77167900,12057300,46028000
2023-03-16,155.4248504638672,91.8359603881836,275.0152587890625,155.85000610351562,91.97000122070312,276.20001220703125,156.4600067138672,92.0999984741211,276.55999755859375,151.63999938964844,88.56999969482422,263.2799987792969,152.16000366210938,89.4000015258789,265.2099914550781,76161100,8127600,54768800
2023-03-17,154.57716369628906,90.15840148925781,278.23138427734375,155.0,90.29000091552734,279.42999267578125,156.74000549316406,91.83000183105469,283.3299865722656,154.27999877929688,89.3499984741211,276.32000732421875,156.0800018310547,91.79000091552734,278.260009765625,98944600,10188100,69527400
2023-03-20,156.97061157226562,89.7889404296875,271.0622863769531,157.39999389648438,89.91999816894531,272.2300109863281,157.82000732421875,91.2300033569336,277.4800109863281,154.14999389648438,89.41000366210938,269.8500061035156,155.07000732421875,90.62999725341797,276.9800109863281,73641400,6947600,43466600
2023-03-21,158.84547424316406,92.04564666748047,272.6056213378906,159.27999877929688,92.18000030517578,273.7799987792969,159.39999389648438,93.04000091552734,275.0,156.5399932861328,90.95999908447266,269.5199890136719,157.32000732421875,90.9800033569336,274.8800048828125,73938300,6826800,34558700
2023-03-22,157.39944458007812,89.45941925048828,271.1220397949219,157.8300018310547,89.58999633789062,272.2900085449219,162.13999938964844,92.5999984741211,281.0400085449219,157.80999755859375,89.55000305175781,272.17999267578125,159.3000030517578,92.48999786376953,273.3999938964844,75701800,7011000,34873300
2023-03-23,158.49642944335938,91.45649719238281,276.468994140625,158.92999267578125,91.58999633789062,277.6600036621094,161.5500030517578,92.94999694824219,281.05999755859375,157.67999267578125,90.52999877929688,275.20001220703125,158.8300018310547,90.62999725341797,277.94000244140625,67622100,8647000,36610900
2023-03-24,159.81285095214844,91.23683166503906,279.36651611328125,160.25,91.37000274658203,280.57000732421875,160.33999633789062,92.3499984741211,280.6300048828125,157.85000610351562,90.31999969482422,275.2799987792969,158.86000061035156,90.56999969482422,277.239990234375,59196500,6658400,28172000
2023-03-27,157.8482208251953,93.17399597167969,275.1944885253906,158.27999877929688,93.30999755859375,276.3800048828125,160.77000427246094,93.63999938964844,281.4599914550781,157.8699951171875,92.11000061035156,275.5199890136719,159.94000244140625,92.27999877929688,280.5,52390300,6005200,26840200
2023-03-28,157.2199249267578,93.00424194335938,274.0494384765625,157.64999389648438,93.13999938964844,275.2300109863281,158.49000549316406,93.73999786376953,276.1400146484375,155.97999572753906,92.55999755859375,272.04998779296875,157.97000122070312,93.33999633789062,275.7900085449219,45992200,4008900,21878600
2023-03-29,160.33143615722656,93.92290496826172,279.3067932128906,160.77000427246094,94.05999755859375,280.510009765625,161.0500030517578,94.41999816894531,281.1400146484375,159.35000610351562,93.66999816894531,278.4100036621094,159.3699951171875,93.97000122070312,278.9599914550781,51305700,4918000,25087000
2023-03-30,161.91709899902344,93.91292572021484,282.8315734863281,162.36000061035156,94.05000305175781,284.04998779296875,162.47000122070312,94.30999755859375,284.4599914550781,161.27000427246094,93.55999755859375,281.4800109863281,161.52999877929688,93.94999694824219,284.2300109863281,49501700,5285800,25053400
2023-03-31,164.4501495361328,95.46066284179688,287.0633239746094,164.89999389648438,95.5999984741211,288.29998779296875,165.0,95.66999816894531,289.2699890136719,161.91000366210938,94.30999755859375,283.0,162.44000244140625,94.52999877929688,283.7300109863281,68749800,7380200,32766000
2023-04-03,165.71669006347656,96.77873229980469,285.9979553222656,166.1699981689453,96.91999816894531,287.2300109863281,166.2899932861328,96.94000244140625,288.2699890136719,164.22000122070312,95.36000061035156,283.95001220703125,164.27000427246094,95.75,286.5199890136719,56976200,4947700,24883300
2023-04-04,165.1781768798828,94.91146087646484,285.9481506347656,165.6300048828125,95.05000305175781,287.17999267578125,166.83999633789062,97.87000274658203,290.45001220703125,165.11000061035156,94.66999816894531,285.6700134277344,166.60000610351562,96.95999908447266,287.2300109863281,46278300,6827600,25824300
2023-04-05,163.31326293945312,94.11263275146484,283.1203308105469,163.75999450683594,94.25,284.3399963378906,165.0500030517578,95.31999969482422,287.1499938964844,161.8000030517578,93.66000366210938,282.9200134277344,164.74000549316406,94.9800033569336,285.8500061035156,51511700,8493400,22064800
2023-04-06,164.2108154296875,93.46357727050781,290.34918212890625,164.66000366210938,93.5999984741211,291.6000061035156,164.9600067138672,94.38999938964844,292.0799865722656,162.0,93.54000091552734,282.0299987792969,162.42999267578125,94.12000274658203,283.2099914550781,45390100,6404900,29770300
2023-04-10,161.58798217773438,94.22246551513672,288.148681640625,162.02999877929688,94.36000061035156,289.3900146484375,162.02999877929688,94.98999786376953,289.6000061035156,160.0800018310547,93.61000061035156,284.7099914550781,161.4199981689453,93.83000183105469,289.2099914550781,47716900,5985500,23103000
2023-04-11,160.36134338378906,93.77313232421875,281.6167907714844,160.8000030517578,93.91000366210938,282.8299865722656,162.36000061035156,94.95999908447266,285.9800109863281,160.50999450683594,93.87999725341797,281.6400146484375,162.35000610351562,94.51000213623047,285.75,47644200,5317700,27276600
2023-04-12,159.6632537841797,93.96284484863281,282.27398681640625,160.10000610351562,94.0999984741211,283.489990234375,162.05999755859375,94.66999816894531,287.010009765625,159.77999877929688,93.80999755859375,281.9599914550781,161.22000122070312,94.26000213623047,284.7900085449219,50133100,6997700,27403400
2023-04-13,165.1083526611328,94.16255950927734,288.59674072265625,165.55999755859375,94.30000305175781,289.8399963378906,165.8000030517578,94.69000244140625,289.8999938964844,161.4199981689453,93.47000122070312,283.1700134277344,161.6300048828125,94.37999725341797,283.5899963378906,68445600,8814600,24222700
2023-04-14,164.7593231201172,95.30089569091797,284.91265869140625,165.2100067138672,95.44000244140625,286.1400146484375,166.32000732421875,95.63999938964844,288.4800109863281,163.82000732421875,93.80999755859375,283.69000244140625,164.58999633789062,93.86000061035156,287.0,49386500,5755600,20987900
2023-04-17,164.7792510986328,96.62895202636719,287.56121826171875,165.22999572753906,96.7699966430664,288.79998779296875,165.38999938964844,96.8499984741211,291.6000061035156,164.02999877929688,95.4800033569336,286.1600036621094,165.08999633789062,95.62000274658203,289.92999267578125,41516200,6126100,23836200
2023-04-18,166.01588439941406,98.32647705078125,287.133056640625,166.47000122070312,98.47000122070312,288.3699951171875,167.41000366210938,98.5199966430664,291.760009765625,165.64999389648438,96.86000061035156,287.010009765625,166.10000610351562,97.0,291.57000732421875,49923000,7110800,20161800
2023-04-19,167.1727294921875,98.88566589355469,287.2127380371094,167.6300048828125,99.02999877929688,288.45001220703125,168.16000366210938,99.30999755859375,289.04998779296875,165.5399932861328,98.41999816894531,284.5400085449219,165.8000030517578,98.58000183105469,285.989990234375,47720200,5617000,17150300
2023-04-20,166.19537353515625,99.6146011352539,284.88275146484375,166.64999389648438,99.76000213623047,286.1099853515625,167.8699951171875,100.47000122070312,289.0299987792969,165.55999755859375,99.05999755859375,285.0799865722656,166.08999633789062,99.30000305175781,285.25,52456400,6912400,23244400
2023-04-21,164.56983947753906,99.36495971679688,284.5342712402344,165.02000427246094,99.51000213623047,285.760009765625,166.4499969482422,100.08000183105469,286.2699890136719,164.49000549316406,99.12999725341797,283.05999755859375,165.0500030517578,99.9800033569336,285.010009765625,58337300,4080400,21676400
2023-04-24,164.8789825439453,100.0040283203125,280.56134033203125,165.3300018310547,100.1500015258789,281.7699890136719,165.60000610351562,100.7699966430664,284.95001220703125,163.88999938964844,99.58000183105469,278.7200012207031,165.0,99.58000183105469,282.0899963378906,41949600,6251800,26611000
2023-04-25,163.3232421875,98.29652404785156,274.2386169433594,163.77000427246094,98.44000244140625,275.4200134277344,166.30999755859375,102.01000213623047,281.6000061035156,163.72999572753906,97.55000305175781,275.3699951171875,165.19000244140625,101.94999694824219,279.510009765625,48714100,9297500,45772200
2023-04-26,163.31326293945312,96.06977081298828,294.10302734375,163.75999450683594,96.20999908447266,295.3699951171875,165.27999877929688,98.44999694824219,299.57000732421875,162.8000030517578,96.08999633789062,292.7300109863281,163.05999755859375,98.2300033569336,296.70001220703125,45498800,6410500,64599200
2023-04-27,167.95059204101562,97.91707611083984,303.5224609375,168.41000366210938,98.05999755859375,304.8299865722656,168.55999755859375,98.19000244140625,305.20001220703125,165.19000244140625,96.5999984741211,295.25,165.19000244140625,97.0199966430664,295.9700012207031,64902300,7461000,46462600
2023-04-28,169.2171173095703,98.82575225830078,305.9420471191406,169.67999267578125,98.97000122070312,307.260009765625,169.85000610351562,99.72000122070312,308.92999267578125,167.8800048828125,96.87999725341797,303.30999755859375,168.49000549316406,97.12999725341797,304.010009765625,55209200,5010800,36446700
2023-05-01,169.1273651123047,101.03253173828125,304.24932861328125,169.58999633789062,101.18000030517578,305.55999755859375,170.4499969482422,102.0,308.6000061035156,168.63999938964844,99.37000274658203,305.1499938964844,169.27999877929688,99.48999786376953,306.9700012207031,52472900,5912400,21294100
2023-05-02,168.08021545410156,101.36205291748047,304.0999450683594,168.5399932861328,101.51000213623047,305.4100036621094,170.35000610351562,102.02999877929688,309.17999267578125,167.5399932861328,100.19000244140625,303.9100036621094,170.08999633789062,100.61000061035156,307.760009765625,48425700,5973700,26404400
2023-05-03,166.99319458007812,101.62165832519531,303.09429931640625,167.4499969482422,101.7699966430664,304.3999938964844,170.9199981689453,102.94999694824219,308.6099853515625,167.16000366210938,101.30999755859375,304.0899963378906,169.5,101.87999725341797,306.6199951171875,65136000,4722700,22360800
2023-05-04,165.3377227783203,99.17523956298828,304.0999450683594,165.7899932861328,99.31999969482422,305.4100036621094,167.0399932861328,101.75,307.760009765625,164.30999755859375,97.41000366210938,303.3999938964844,164.88999938964844,101.48999786376953,306.239990234375,81235400,7227000,22519900
2023-05-05,173.0965118408203,100.09390258789062,309.3174743652344,173.57000732421875,100.23999786376953,310.6499938964844,174.3000030517578,101.76000213623047,311.9700012207031,170.75999450683594,99.75,304.2699890136719,170.97999572753906,100.58000183105469,305.7200012207031,113316400,5029000,28181200
2023-05-08,173.0266876220703,100.77291107177734,307.3260803222656,173.5,100.91999816894531,308.6499938964844,173.85000610351562,101.11000061035156,310.20001220703125,172.11000061035156,100.22000122070312,306.0899963378906,172.47999572753906,100.22000122070312,310.1300048828125,55962800,3417500,21318600
2023-05-09,171.30142211914062,100.85279083251953,305.68316650390625,171.77000427246094,101.0,307.0,173.5399932861328,101.9000015258789,310.0400085449219,171.60000610351562,100.7699966430664,306.30999755859375,173.0500030517578,100.7699966430664,308.0,45326900,5204100,21340800
2023-05-10,173.08653259277344,99.3949203491211,310.9703674316406,173.55999755859375,99.54000091552734,312.30999755859375,174.02999877929688,101.66999816894531,313.0,171.89999389648438,98.45999908447266,307.6700134277344,173.02000427246094,101.4800033569336,308.6199951171875,53724500,4032900,30078000
2023-05-11,173.27601623535156,99.36495971679688,308.77978515625,173.75,99.51000213623047,310.1099853515625,174.58999633789062,99.9800033569336,311.1199951171875,172.1699981689453,98.81999969482422,306.260009765625,173.85000610351562,99.4000015258789,310.1000061035156,49514700,4084300,31680200
2023-05-12,172.3372802734375,98.65599822998047,307.64471435546875,172.57000732421875,98.80000305175781,308.9700012207031,174.05999755859375,100.0,310.6499938964844,171.0,97.70999908447266,306.6000061035156,173.6199951171875,99.58000183105469,310.54998779296875,45497800,3457700,19758100
2023-05-15,171.8379669189453,101.85133361816406,308.1325988769531,172.07000732421875,102.0,309.4599914550781,173.2100067138672,102.30999755859375,309.8999938964844,171.47000122070312,99.0199966430664,307.5899963378906,173.16000366210938,99.13999938964844,309.1000061035156,37266700,6363700,16336500
2023-05-16,171.8379669189453,100.98259735107422,310.4028015136719,172.07000732421875,101.12999725341797,311.739990234375,173.13999938964844,102.2300033569336,313.7099914550781,171.8000030517578,100.88999938964844,309.8299865722656,171.99000549316406,101.2300033569336,309.8299865722656,42110300,4408500,26730300
2023-05-17,172.45712280273438,103.3191909790039,313.33660888671875,172.69000244140625,103.47000122070312,314.0,172.92999267578125,103.58000183105469,314.42999267578125,170.4199981689453,101.55000305175781,310.739990234375,171.7100067138672,101.87000274658203,312.2900085449219,57951600,5484200,24315000
2023-05-18,174.81393432617188,103.8583984375,317.8470458984375,175.0500030517578,104.01000213623047,318.5199890136719,175.24000549316406,104.27999877929688,319.0400085449219,172.5800018310547,101.7300033569336,313.7200012207031,173.0,102.88999938964844,314.5299987792969,65496700,4606800,27276000
2023-05-19,174.92379760742188,104.10803985595703,317.66741943359375,175.16000366210938,104.26000213623047,318.3399963378906,176.38999938964844,105.77999877929688,318.75,174.94000244140625,103.83999633789062,316.3699951171875,176.38999938964844,104.5199966430664,316.739990234375,55772400,5770200,27529500
2023-05-22,173.96507263183594,104.39762115478516,320.5014343261719,174.1999969482422,104.55000305175781,321.17999267578125,174.7100067138672,105.94000244140625,322.5899963378906,173.4499969482422,104.0999984741211,318.010009765625,173.97999572753906,104.0999984741211,318.6000061035156,43570900,3987300,24115700
2023-05-23,171.32864379882812,101.55176544189453,314.59393310546875,171.55999755859375,101.69999694824219,315.260009765625,173.3800048828125,104.13999938964844,322.7200012207031,171.27999877929688,101.27999877929688,315.25,173.1300048828125,103.86000061035156,320.0299987792969,50747300,4579600,30797200
2023-05-24,171.60826110839844,100.83282470703125,313.1869201660156,171.83999633789062,100.9800033569336,313.8500061035156,172.4199981689453,101.47000122070312,316.5,170.52000427246094,99.91000366210938,312.6099853515625,171.08999633789062,101.27999877929688,314.7300109863281,45143500,5008300,23384900
2023-05-25,172.7567138671875,101.37203216552734,325.2314147949219,172.99000549316406,101.5199966430664,325.9200134277344,173.89999389648438,102.08999633789062,326.8999938964844,171.69000244140625,100.54000091552734,320.0,172.41000366210938,101.4000015258789,323.239990234375,56058300,5377100,43301700
2023-05-26,175.19342041015625,102.59024810791016,332.18670654296875,175.42999267578125,102.73999786376953,332.8900146484375,175.77000427246094,103.94999694824219,333.3999938964844,173.11000061035156,101.55999755859375,323.8800048828125,173.32000732421875,101.58999633789062,324.0199890136719,54835000,5424200,36630600
2023-05-30,177.06089782714844,102.25074768066406,330.5102233886719,177.3000030517578,102.4000015258789,331.2099914550781,178.99000549316406,103.06999969482422,335.739990234375,176.57000732421875,100.66000366210938,330.5199890136719,176.9600067138672,103.0199966430664,335.2300109863281,55964400,5665100,29503100
2023-05-31,177.01097106933594,101.38201904296875,327.6961975097656,177.25,101.52999877929688,328.3900146484375,179.35000610351562,101.83999633789062,335.94000244140625,176.75999450683594,99.70999908447266,327.3299865722656,177.3300018310547,101.31999969482422,332.2900085449219,99625300,10661400,45950600
2023-06-01,179.84713745117188,104.51744079589844,331.8773193359375,180.08999633789062,104.66999816894531,332.5799865722656,180.1199951171875,105.16999816894531,333.5299987792969,176.92999267578125,101.06999969482422,324.7200012207031,177.6999969482422,101.20999908447266,325.92999267578125,68901800,6222700,26773900
2023-06-02,180.7059783935547,105.64579772949219,334.6913757324219,180.9499969482422,105.80000305175781,335.3999938964844,181.77999877929688,106.70999908447266,337.5,179.25999450683594,104.54000091552734,332.54998779296875,181.02999877929688,105.5,334.25,61945900,5967500,25864000
2023-06-05,179.33782958984375,103.94827270507812,335.2302551269531,179.5800018310547,104.0999984741211,335.94000244140625,184.9499969482422,105.80000305175781,338.55999755859375,178.0399932861328,104.0999984741211,334.6600036621094,182.6300048828125,105.80000305175781,335.2200012207031,121946500,4077200,21307100
2023-06-06,178.9683380126953,105.30628967285156,332.9750061035156,179.2100067138672,105.45999908447266,333.67999267578125,180.1199951171875,106.11000061035156,335.3699951171875,177.42999267578125,104.0999984741211,332.1700134277344,179.97000122070312,104.33000183105469,335.3299865722656,64848400,6220300,20396200
2023-06-07,177.5802001953125,105.9253921508789,322.69677734375,177.82000732421875,106.08000183105469,323.3800048828125,181.2100067138672,107.33000183105469,334.489990234375,177.32000732421875,105.63999938964844,322.5,178.44000244140625,106.63999938964844,331.6499938964844,61944600,7279400,40717100
2023-06-08,180.3264923095703,105.91539764404297,324.57281494140625,180.57000732421875,106.06999969482422,325.260009765625,180.83999633789062,107.22000122070312,326.6400146484375,177.4600067138672,105.62999725341797,323.3500061035156,177.89999389648438,105.83999633789062,323.94000244140625,50214900,3573500,23277700
2023-06-09,180.71597290039062,106.14507293701172,326.0995788574219,180.9600067138672,106.30000305175781,326.7900085449219,182.22999572753906,106.55000305175781,329.989990234375,180.6300048828125,105.08000183105469,324.4100036621094,181.5,106.29000091552734,324.989990234375,48870700,3483700,22514900
2023-06-12,183.54214477539062,106.07516479492188,331.1488952636719,183.7899932861328,106.2300033569336,331.8500061035156,183.88999938964844,106.88999938964844,332.1000061035156,180.97000122070312,105.6500015258789,325.1600036621094,181.27000427246094,106.30999755859375,328.5799865722656,54274900,3733000,24260300
2023-06-13,183.0627899169922,106.58441925048828,333.583740234375,183.30999755859375,106.73999786376953,334.2900085449219,184.14999389648438,107.1500015258789,336.9800109863281,182.44000244140625,105.80999755859375,330.3900146484375,182.8000030517578,106.02999877929688,334.4700012207031,54929100,4318900,22951300
2023-06-14,183.70193481445312,104.54739379882812,336.6272888183594,183.9499969482422,104.69999694824219,337.3399963378906,184.38999938964844,106.80000305175781,339.0400085449219,182.02000427246094,103.95999908447266,332.80999755859375,183.3699951171875,106.72000122070312,334.3399963378906,57462900,5131100,26003800
2023-06-15,185.7591552734375,105.2563705444336,347.36456298828125,186.00999450683594,105.41000366210938,348.1000061035156,186.52000427246094,105.63999938964844,349.8399963378906,183.77999877929688,103.98999786376953,337.20001220703125,183.9600067138672,104.44000244140625,337.4800109863281,65433200,6969800,38899100
2023-06-16,184.67062377929688,106.13508605957031,341.6067199707031,184.9199981689453,106.29000091552734,342.3299865722656,186.99000549316406,108.9000015258789,351.4700012207031,184.27000427246094,105.94000244140625,341.95001220703125,186.72999572753906,105.94999694824219,351.32000732421875,101235600,10958600,46533600
2023-06-20,184.760498046875,103.86839294433594,337.3357849121094,185.00999450683594,104.0199966430664,338.04998779296875,186.10000610351562,106.20999908447266,342.0799865722656,184.41000366210938,103.41000366210938,335.8599853515625,184.41000366210938,106.08000183105469,339.30999755859375,49799100,6439300,26375400
2023-06-21,183.71192932128906,104.89689636230469,332.8552551269531,183.9600067138672,105.05000305175781,333.55999755859375,185.41000366210938,105.69000244140625,337.7300109863281,182.58999633789062,103.58000183105469,332.07000732421875,184.89999389648438,103.63999938964844,336.3699951171875,49515700,4775400,25117800
2023-06-22,186.74781799316406,104.66722106933594,338.9922790527344,187.0,104.81999969482422,339.7099914550781,187.0500030517578,105.79000091552734,340.1199951171875,183.6699981689453,104.63999938964844,333.3399963378906,183.74000549316406,104.66000366210938,334.1199951171875,51245300,4223500,23556800
2023-06-23,186.42823791503906,103.62873840332031,334.3121643066406,186.67999267578125,103.77999877929688,335.0199890136719,187.55999755859375,104.37000274658203,337.9599914550781,185.00999450683594,102.63999938964844,333.45001220703125,185.5500030517578,103.08999633789062,334.3599853515625,53079300,6011900,23084700
2023-06-26,185.02015686035156,104.29776000976562,327.90576171875,185.27000427246094,104.44999694824219,328.6000061035156,188.0500030517578,105.11000061035156,336.1099853515625,185.22999572753906,103.36000061035156,328.489990234375,186.8300018310547,103.52999877929688,333.7200012207031,48088700,4250900,21520600
2023-06-27,187.80638122558594,104.76707458496094,333.8631591796875,188.05999755859375,104.91999816894531,334.57000732421875,188.38999938964844,105.20999908447266,336.1499938964844,185.6699981689453,104.36000061035156,329.29998779296875,185.88999938964844,104.62999725341797,331.8599853515625,50730800,4767300,24354100
2023-06-28,188.99478149414062,106.89397430419922,335.14044189453125,189.25,107.05000305175781,335.8500061035156,189.89999389648438,107.37000274658203,337.9800109863281,187.60000610351562,104.97000122070312,333.80999755859375,187.92999267578125,105.29000091552734,334.6600036621094,51216800,4795700,20259500
2023-06-29,189.33432006835938,107.58296203613281,334.34210205078125,189.58999633789062,107.73999786376953,335.04998779296875,190.07000732421875,107.83000183105469,336.1099853515625,188.94000244140625,106.04000091552734,332.6199951171875,189.0800018310547,106.22000122070312,334.7099914550781,46347300,3248800,16997000
2023-06-30,193.7084197998047,109.68988800048828,339.8205261230469,193.97000122070312,109.8499984741211,340.5400085449219,194.47999572753906,110.26000213623047,342.7300109863281,191.25999450683594,108.5999984741211,337.20001220703125,191.6300048828125,108.98999786376953,337.75,85069600,7381500,26823800
2023-07-03,192.20046997070312,108.12217712402344,337.2759094238281,192.4600067138672,108.27999877929688,337.989990234375,193.8800048828125,109.33000183105469,340.8999938964844,191.75999450683594,107.30999755859375,336.57000732421875,193.77999877929688,109.05999755859375,339.19000244140625,31458200,2972000,12508700
2023-07-05,191.0719757080078,108.49163818359375,337.4355773925781,191.3300018310547,108.6500015258789,338.1499938964844,192.97999572753906,108.98999786376953,341.6499938964844,190.6199951171875,107.76000213623047,334.7300109863281,191.57000732421875,108.22000122070312,335.0899963378906,46920300,3661800,18172400
2023-07-06,191.55133056640625,107.21350860595703,340.5489807128906,191.80999755859375,107.37000274658203,341.2699890136719,192.02000427246094,108.75,342.989990234375,189.1999969482422,106.86000061035156,335.5,189.83999633789062,108.01000213623047,337.29998779296875,45094300,3666700,28161200
2023-07-07,190.4228515625,108.11219024658203,336.5075378417969,190.67999267578125,108.2699966430664,337.2200012207031,192.6699981689453,108.87000274658203,341.7900085449219,190.24000549316406,106.94000244140625,337.0,191.41000366210938,107.13999938964844,339.32000732421875,46778000,3863800,21185300
2023-07-10,188.35565185546875,110.45051574707031,331.12890625,188.61000061035156,110.52999877929688,331.8299865722656,189.99000549316406,110.7300033569336,335.2300109863281,187.0399932861328,108.37000274658203,327.5899963378906,189.25999450683594,108.41000366210938,334.6000061035156,59922200,4633200,32791400
2023-07-11,187.8263702392578,111.14002227783203,331.767578125,188.0800018310547,111.22000122070312,332.4700012207031,189.3000030517578,111.52999877929688,332.8599853515625,186.60000610351562,110.2300033569336,327.0,189.16000366210938,110.7300033569336,331.05999755859375,46638100,3790000,26698200
2023-07-12,189.5140838623047,111.12003326416016,336.4875793457031,189.77000427246094,111.19999694824219,337.20001220703125,191.6999969482422,111.97000122070312,341.6499938964844,188.47000122070312,110.88999938964844,335.6700134277344,189.67999267578125,111.29000091552734,336.6000061035156,60750200,4312800,29995300
2023-07-13,190.2830352783203,111.1999740600586,341.93603515625,190.5399932861328,111.27999877929688,342.6600036621094,191.19000244140625,111.81999969482422,343.739990234375,189.77999877929688,110.81999969482422,339.0199890136719,190.5,111.25,339.55999755859375,41342300,2775000,20567200
2023-07-14,190.43284606933594,110.20069122314453,344.5105895996094,190.69000244140625,110.27999877929688,345.239990234375,191.17999267578125,111.22000122070312,351.42999267578125,189.6300048828125,110.02999877929688,344.30999755859375,190.22999572753906,111.0,347.5899963378906,41573900,2717600,28302200
2023-07-17,193.7283935546875,111.06007385253906,344.99957275390625,193.99000549316406,111.13999938964844,345.7300109863281,194.32000732421875,112.1500015258789,346.989990234375,191.80999755859375,110.1500015258789,342.20001220703125,191.89999389648438,110.41999816894531,345.67999267578125,50520200,3637200,20363900
2023-07-18,193.46873474121094,110.98013305664062,358.73046875,193.72999572753906,111.05999755859375,359.489990234375,194.3300018310547,111.83000183105469,366.7799987792969,192.4199981689453,110.5199966430664,342.1700134277344,193.35000610351562,110.9000015258789,345.8299865722656,48353800,3573900,64872700
2023-07-19,194.83689880371094,109.81097412109375,354.3298034667969,195.10000610351562,109.88999938964844,355.0799865722656,198.22999572753906,110.80999755859375,362.4599914550781,192.64999389648438,108.83000183105469,352.44000244140625,193.10000610351562,110.33000183105469,361.75,80507300,4473200,39732900
2023-07-20,192.8695526123047,111.16000366210938,346.13714599609375,193.1300048828125,111.23999786376953,346.8699951171875,196.47000122070312,111.83999633789062,357.9700012207031,192.5,109.95999908447266,345.3699951171875,195.08999633789062,110.04000091552734,353.57000732421875,59581200,4117200,33778400
2023-07-21,191.68116760253906,110.25066375732422,343.043701171875,191.94000244140625,110.33000183105469,343.7699890136719,194.97000122070312,111.87999725341797,350.29998779296875,191.22999572753906,109.81999969482422,339.8299865722656,194.10000610351562,111.44000244140625,349.1499938964844,71917800,8198600,69368900
2023-07-24,192.4900665283203,110.17071533203125,344.380859375,192.75,110.25,345.1099853515625,194.91000366210938,110.9800033569336,346.9200134277344,192.25,110.05999755859375,342.30999755859375,193.41000366210938,110.4000015258789,345.8500061035156,45377800,5337000,26678100
2023-07-25,193.35888671875,117.07575225830078,350.23846435546875,193.6199951171875,117.16000366210938,350.9800109863281,194.44000244140625,117.95999908447266,351.8900146484375,192.9199981689453,113.62999725341797,345.07000732421875,193.3300018310547,114.5,347.1099853515625,37283200,17022400,41637700
2023-07-26,194.23770141601562,114.63750457763672,337.0563659667969,194.5,114.72000122070312,337.7699890136719,195.63999938964844,117.38999938964844,344.6700134277344,193.32000732421875,113.44999694824219,333.1099853515625,193.6699981689453,117.13999938964844,341.44000244140625,47471900,7541700,58383700
2023-07-27,192.9594268798828,115.33699798583984,330.0212707519531,193.22000122070312,115.41999816894531,330.7200012207031,197.1999969482422,117.26000213623047,341.3299865722656,192.5500030517578,114.93000030517578,329.04998779296875,196.02000427246094,115.55999755859375,340.4800109863281,47460200,6187000,39635300
2023-07-28,195.56591796875,114.3077392578125,337.65509033203125,195.8300018310547,114.38999938964844,338.3699951171875,196.6300048828125,115.8499984741211,340.010009765625,194.13999938964844,114.0199966430664,333.1700134277344,194.6699981689453,115.52999877929688,333.6700134277344,48291400,4469900,28484900
2023-07-31,196.18507385253906,114.15784454345703,335.2102966308594,196.4499969482422,114.23999786376953,335.9200134277344,196.49000549316406,114.75,337.70001220703125,195.25999450683594,113.72000122070312,333.3599853515625,196.05999755859375,114.44000244140625,336.9200134277344,38824100,4125500,25446000
2023-08-01,195.34620666503906,113.13858032226562,335.62939453125,195.61000061035156,113.22000122070312,336.3399963378906,196.72999572753906,114.19999694824219,338.5400085449219,195.27999877929688,112.2699966430664,333.70001220703125,196.24000549316406,113.69000244140625,335.19000244140625,35175100,5263400,18311900
2023-08-02,192.32029724121094,111.88948059082031,326.8080749511719,192.5800018310547,111.97000122070312,327.5,195.17999267578125,113.5,333.6300048828125,191.85000610351562,111.93000030517578,326.3599853515625,195.0399932861328,112.97000122070312,333.6300048828125,50389300,4291600,27761300
2023-08-03,190.91220092773438,112.2791976928711,325.9698486328125,191.1699981689453,112.36000061035156,326.6600036621094,192.3699951171875,113.16999816894531,329.8800048828125,190.69000244140625,111.55000305175781,325.95001220703125,191.57000732421875,111.83000183105469,326.0,61235200,3469600,18253700
2023-08-04,181.7445831298828,112.97869110107422,327.0874938964844,181.99000549316406,113.05999755859375,327.7799987792969,187.3800048828125,113.87000274658203,335.1400146484375,181.9199981689453,111.80000305175781,327.239990234375,185.52000427246094,112.81999969482422,331.8800048828125,115799700,4882100,23727700
2023-08-07,178.6088104248047,114.64749908447266,329.41253662109375,178.85000610351562,114.7300033569336,330.1099853515625,183.1300048828125,114.9800033569336,331.1099853515625,177.35000610351562,113.54000091552734,327.5199890136719,182.1300048828125,113.54000091552734,328.3699951171875,97576100,3304800,17741500
2023-08-08,179.55752563476562,113.46834564208984,325.3611145019531,179.8000030517578,113.55000305175781,326.04998779296875,180.27000427246094,114.83000183105469,328.75,177.5800018310547,113.12000274658203,323.0,179.69000244140625,114.38999938964844,326.9599914550781,67823000,3779300,22327600
2023-08-09,177.94970703125,112.0893325805664,321.5492248535156,178.19000244140625,112.16999816894531,322.2300109863281,180.92999267578125,113.93000030517578,327.1099853515625,177.00999450683594,111.9800033569336,321.04998779296875,180.8699951171875,113.9000015258789,326.4700012207031,60378500,3112700,22373300
2023-08-10,177.72999572753906,113.48832702636719,322.2477111816406,177.97000122070312,113.56999969482422,322.92999267578125,180.75,115.04000091552734,328.260009765625,177.60000610351562,112.44999694824219,321.17999267578125,179.47999572753906,112.44999694824219,326.0199890136719,54686900,4671600,20113700
2023-08-11,177.7899932861328,114.51758575439453,320.331787109375,177.7899932861328,114.5999984741211,321.010009765625,178.6199951171875,115.38999938964844,322.4100036621094,176.5500030517578,113.44999694824219,319.2099914550781,177.32000732421875,113.54000091552734,320.260009765625,51988100,3560400,24342600
2023-08-14,179.4600067138672,115.46691131591797,323.35540771484375,179.4600067138672,115.55000305175781,324.0400085449219,179.69000244140625,115.8499984741211,324.05999755859375,177.30999755859375,114.19999694824219,320.0799865722656,177.97000122070312,114.5,321.3900146484375,43675600,3923400,18836100
2023-08-15,177.4499969482422,113.76812744140625,321.1799621582031,177.4499969482422,113.8499984741211,321.8599853515625,179.47999572753906,114.66000366210938,325.0899963378906,177.0500030517578,113.47000122070312,320.8999938964844,178.8800048828125,114.6500015258789,323.0,43622600,3413100,16966300
2023-08-16,176.57000732421875,113.48832702636719,320.3999938964844,176.57000732421875,113.56999969482422,320.3999938964844,178.5399932861328,115.33999633789062,324.4200134277344,176.5,113.47000122070312,319.79998779296875,177.1300048828125,113.7300033569336,320.79998779296875,46964900,3683100,20698900
2023-08-17,174.0,110.88020324707031,316.8800048828125,174.0,110.95999908447266,316.8800048828125,177.50999450683594,114.38999938964844,321.8699951171875,173.47999572753906,110.94000244140625,316.2099914550781,177.13999938964844,113.9800033569336,320.5400085449219,66062900,4577000,21257200
2023-08-18,174.49000549316406,111.70960998535156,316.4800109863281,174.49000549316406,111.79000091552734,316.4800109863281,175.10000610351562,111.93000030517578,318.3800048828125,171.9600067138672,110.0199966430664,311.54998779296875,172.3000030517578,110.30000305175781,314.489990234375,61114200,4508400,24744800
2023-08-21,175.83999633789062,111.93943786621094,321.8800048828125,175.83999633789062,112.0199966430664,321.8800048828125,176.1300048828125,112.4800033569336,322.7699890136719,173.74000549316406,111.0199966430664,317.0400085449219,175.07000732421875,112.04000091552734,317.92999267578125,46311900,2941800,24040000
2023-08-22,177.22999572753906,111.57970428466797,322.4599914550781,177.22999572753906,111.66000366210938,322.4599914550781,177.67999267578125,113.05000305175781,326.0799865722656,176.25,110.83999633789062,321.4599914550781,177.05999755859375,112.1500015258789,325.5,42084200,2640400,16102000
2023-08-23,181.1199951171875,113.3884048461914,327.0,181.1199951171875,113.47000122070312,327.0,181.5500030517578,113.76000213623047,329.20001220703125,178.3300018310547,111.5,323.4599914550781,178.52000427246094,111.5,323.82000732421875,52722800,2847600,21166400
2023-08-24,176.3800048828125,110.96015167236328,319.9700012207031,176.3800048828125,111.04000091552734,319.9700012207031,181.10000610351562,113.95999908447266,332.9800109863281,176.00999450683594,111.0199966430664,319.9599914550781,180.6699981689453,113.19999694824219,332.8500061035156,54945800,3361500,23281400
2023-08-25,178.61000061035156,111.88948059082031,322.9800109863281,178.61000061035156,111.97000122070312,322.9800109863281,179.14999389648438,112.37000274658203,325.3599853515625,175.82000732421875,110.22000122070312,318.79998779296875,177.3800048828125,111.44999694824219,321.4700012207031,51449600,3115400,21684100
2023-08-28,180.19000244140625,113.87804412841797,323.70001220703125,180.19000244140625,113.95999908447266,323.70001220703125,180.58999633789062,114.27999877929688,326.1499938964844,178.5500030517578,112.1500015258789,321.7200012207031,180.08999633789062,112.55000305175781,325.6600036621094,43820700,2812700,14808500
2023-08-29,184.1199951171875,115.24706268310547,328.4100036621094,184.1199951171875,115.33000183105469,328.4100036621094,184.89999389648438,115.66999816894531,328.9800109863281,179.5,112.91999816894531,321.8800048828125,179.6999969482422,113.66999816894531,321.8800048828125,53003900,4655300,19284600
2023-08-30,187.64999389648438,114.22779083251953,328.7900085449219,187.64999389648438,114.30999755859375,328.7900085449219,187.85000610351562,115.58000183105469,329.80999755859375,184.74000549316406,113.94999694824219,326.45001220703125,184.94000244140625,114.8499984741211,328.6700134277344,60813900,4857600,15222100
2023-08-31,187.8699951171875,114.377685546875,327.760009765625,187.8699951171875,114.45999908447266,327.760009765625,189.1199951171875,114.94000244140625,330.9100036621094,187.47999572753906,113.80999755859375,326.7799987792969,187.83999633789062,114.58000183105469,329.20001220703125,60794500,4164900,26411000
2023-09-01,189.4600067138672,114.15784454345703,328.6600036621094,189.4600067138672,114.23999786376953,328.6600036621094,189.9199981689453,115.45999908447266,331.989990234375,188.27999877929688,113.52999877929688,326.7799987792969,189.49000549316406,115.0199966430664,331.30999755859375,45732600,3539300,14931200
2023-09-05,189.6999969482422,112.79882049560547,333.54998779296875,189.6999969482422,112.87999725341797,333.54998779296875,189.97999572753906,114.19000244140625,334.8500061035156,187.61000061035156,112.30999755859375,328.6600036621094,188.27999877929688,113.69000244140625,329.0,45280000,3516800,18553900
2023-09-06,182.91000366210938,112.59896850585938,332.8800048828125,182.91000366210938,112.68000030517578,332.8800048828125,188.85000610351562,114.06999969482422,334.4599914550781,181.47000122070312,111.93000030517578,330.17999267578125,188.39999389648438,112.8499984741211,333.3800048828125,81755800,4004800,17535800
2023-09-07,177.55999755859375,111.70960998535156,329.9100036621094,177.55999755859375,111.79000091552734,329.9100036621094,178.2100067138672,113.1500015258789,333.0799865722656,173.5399932861328,111.41000366210938,329.0299987792969,175.17999267578125,112.22000122070312,331.2900085449219,112488800,3303300,18381000
2023-09-08,178.17999267578125,111.63966369628906,334.2699890136719,178.17999267578125,111.72000122070312,334.2699890136719,180.24000549316406,112.02999877929688,336.1600036621094,177.7899932861328,111.22000122070312,329.4599914550781,178.35000610351562,111.5,330.0899963378906,65551300,2530700,19530100
2023-09-11,179.36000061035156,114.1778335571289,337.94000244140625,179.36000061035156,114.26000213623047,337.94000244140625,180.3000030517578,114.30000305175781,338.4200134277344,177.33999633789062,112.12000274658203,335.42999267578125,180.07000732421875,112.25,337.239990234375,58953100,4207900,16583300
2023-09-12,176.3000030517578,114.91729736328125,331.7699890136719,176.3000030517578,115.0,331.7699890136719,180.1300048828125,116.81999969482422,336.7900085449219,174.82000732421875,114.0,331.4800109863281,179.49000549316406,114.25,335.82000732421875,90370200,4210100,17565500
2023-09-13,174.2100067138672,113.51830291748047,336.05999755859375,174.2100067138672,113.5999984741211,336.05999755859375,177.3000030517578,115.36000061035156,336.8500061035156,173.97999572753906,112.63999938964844,331.1700134277344,176.50999450683594,114.69000244140625,331.30999755859375,84267900,2800200,16544400
2023-09-14,175.74000549316406,115.56683349609375,338.70001220703125,175.74000549316406,115.6500015258789,338.70001220703125,176.10000610351562,117.20999908447266,340.8599853515625,173.5800018310547,114.31999969482422,336.57000732421875,174.0,114.37000274658203,339.1499938964844,60895800,5297500,20267000
2023-09-15,175.00999450683594,115.40694427490234,330.2200012207031,175.00999450683594,115.48999786376953,330.2200012207031,176.5,115.91000366210938,337.3999938964844,173.82000732421875,114.19999694824219,329.6499938964844,176.47999572753906,115.41999816894531,336.9200134277344,109205100,6731300,37666900
2023-09-18,177.97000122070312,116.48616790771484,329.05999755859375,177.97000122070312,116.56999969482422,329.05999755859375,179.3800048828125,117.43000030517578,330.3999938964844,176.1699981689453,114.91999816894531,326.3599853515625,176.47999572753906,115.77999877929688,327.79998779296875,67257600,3751700,16834200
2023-09-19,179.07000732421875,116.12642669677734,328.6499938964844,179.07000732421875,116.20999908447266,328.6499938964844,179.6300048828125,116.68000030517578,329.3900146484375,177.1300048828125,115.22000122070312,324.510009765625,177.52000427246094,116.0199966430664,326.1700134277344,51826900,3098200,16505900
2023-09-20,175.49000549316406,114.76740264892578,320.7699890136719,175.49000549316406,114.8499984741211,320.7699890136719,179.6999969482422,117.66999816894531,329.5899963378906,175.39999389648438,114.81999969482422,320.510009765625,179.25999450683594,116.52999877929688,329.510009765625,58436200,4098100,21436500
2023-09-21,173.92999267578125,112.90874481201172,319.5299987792969,173.92999267578125,112.98999786376953,319.5299987792969,176.3000030517578,114.33999633789062,325.3500061035156,173.86000061035156,112.05999755859375,315.0,174.5500030517578,113.94999694824219,319.260009765625,63047900,4597200,35529500
2023-09-22,174.7899932861328,111.16999816894531,317.010009765625,174.7899932861328,111.25,317.010009765625,177.0800018310547,113.19999694824219,321.45001220703125,174.0500030517578,111.06999969482422,316.1499938964844,174.6699981689453,112.9000015258789,321.32000732421875,56725400,4987600,21447900
2023-09-25,176.0800018310547,111.72000122070312,317.5400085449219,176.0800018310547,111.72000122070312,317.5400085449219,176.97000122070312,111.95999908447266,317.6700134277344,174.14999389648438,110.62999725341797,315.0,174.1999969482422,110.72000122070312,316.5899963378906,46172700,3783800,17836000
2023-09-26,171.9600067138672,109.93000030517578,312.1400146484375,171.9600067138672,109.93000030517578,312.1400146484375,175.1999969482422,111.94000244140625,315.8800048828125,171.66000366210938,109.75,310.0199890136719,174.82000732421875,111.0,315.1300048828125,64588900,4806100,26297600
2023-09-27,170.42999267578125,110.88999938964844,312.7900085449219,170.42999267578125,110.88999938964844,312.7900085449219,173.0399932861328,111.61000061035156,314.29998779296875,169.0500030517578,110.1500015258789,309.69000244140625,172.6199951171875,110.62999725341797,312.29998779296875,66921800,4718800,19410100
2023-09-28,170.69000244140625,112.33999633789062,313.6400146484375,170.69000244140625,112.33999633789062,313.6400146484375,172.02999877929688,112.98999786376953,315.4800109863281,167.6199951171875,110.83000183105469,309.45001220703125,169.33999633789062,111.05999755859375,310.989990234375,56294400,4404100,19683600
2023-09-29,171.2100067138672,110.55000305175781,315.75,171.2100067138672,110.55000305175781,315.75,173.07000732421875,112.75,319.4700012207031,170.33999633789062,109.91000366210938,314.9800109863281,172.02000427246094,112.62999725341797,317.75,51814200,3929100,24140300
